name,wikipedia_url
مجید آهی,https://fa.wikipedia.org/wiki/%D9%85%D8%AC%DB%8C%D8%AF_%D8%A2%D9%87%DB%8C
ابوالفضل میرشمس شهشهانی,https://fa.wikipedia.org/wiki/%D8%A7%D8%A8%D9%88%D8%A7%D9%84%D9%81%D8%B6%D9%84_%D9%85%DB%8C%D8%B1%D8%B4%D9%85%D8%B3_%D8%B4%D9%87%D8%B4%D9%87%D8%A7%D9%86%DB%8C
مالک اژدر شریفی,https://fa.wikipedia.org/wiki/%D9%85%D8%A7%D9%84%DA%A9_%D8%A7%DA%98%D8%AF%D8%B1_%D8%B4%D8%B1%DB%8C%D9%81%DB%8C
میرزا حسین اصفهانی,https://fa.wikipedia.org/wiki/%D9%85%DB%8C%D8%B1%D8%B2%D8%A7_%D8%AD%D8%B3%DB%8C%D9%86_%D8%A7%D8%B5%D9%81%D9%87%D8%A7%D9%86%DB%8C
امیر نجم رشتی,https://fa.wikipedia.org/wiki/%D8%A7%D9%85%DB%8C%D8%B1_%D9%86%D8%AC%D9%85_%D8%B1%D8%B4%D8%AA%DB%8C
امیرحسین جهانشاهی,https://fa.wikipedia.org/wiki/%D8%A7%D9%85%DB%8C%D8%B1%D8%AD%D8%B3%DB%8C%D9%86_%D8%AC%D9%87%D8%A7%D9%86%D8%B4%D8%A7%D9%87%DB%8C
امیرقلی امینی,https://fa.wikipedia.org/wiki/%D8%A7%D9%85%DB%8C%D8%B1%D9%82%D9%84%DB%8C_%D8%A7%D9%85%DB%8C%D9%86%DB%8C
حسین اهری,https://fa.wikipedia.org/wiki/%D8%AD%D8%B3%DB%8C%D9%86_%D8%A7%D9%87%D8%B1%DB%8C
بهاءالدین محمد جوینی,https://fa.wikipedia.org/wiki/%D8%A8%D9%87%D8%A7%D8%A1%D8%A7%D9%84%D8%AF%DB%8C%D9%86_%D9%85%D8%AD%D9%85%D8%AF_%D8%AC%D9%88%DB%8C%D9%86%DB%8C
حسن بن سهل سرخسی,https://fa.wikipedia.org/wiki/%D8%AD%D8%B3%D9%86_%D8%A8%D9%86_%D8%B3%D9%87%D9%84_%D8%B3%D8%B1%D8%AE%D8%B3%DB%8C
حسین‌بیگ یوزباشی,https://fa.wikipedia.org/wiki/%D8%AD%D8%B3%DB%8C%D9%86%E2%80%8C%D8%A8%DB%8C%DA%AF_%DB%8C%D9%88%D8%B2%D8%A8%D8%A7%D8%B4%DB%8C
حسین‌قلی خلفای روملو,https://fa.wikipedia.org/wiki/%D8%AD%D8%B3%DB%8C%D9%86%E2%80%8C%D9%82%D9%84%DB%8C_%D8%AE%D9%84%D9%81%D8%A7%DB%8C_%D8%B1%D9%88%D9%85%D9%84%D9%88
فریدون بدره‌ای,https://fa.wikipedia.org/wiki/%D9%81%D8%B1%DB%8C%D8%AF%D9%88%D9%86_%D8%A8%D8%AF%D8%B1%D9%87%E2%80%8C%D8%A7%DB%8C
محسن سلیمانی,https://fa.wikipedia.org/wiki/%D9%85%D8%AD%D8%B3%D9%86_%D8%B3%D9%84%DB%8C%D9%85%D8%A7%D9%86%DB%8C
محمود شالویی,https://fa.wikipedia.org/wiki/%D9%85%D8%AD%D9%85%D9%88%D8%AF_%D8%B4%D8%A7%D9%84%D9%88%DB%8C%DB%8C
غیاث‌الدین محمد (وزیر),https://fa.wikipedia.org/wiki/%D8%BA%DB%8C%D8%A7%D8%AB%E2%80%8C%D8%A7%D9%84%D8%AF%DB%8C%D9%86_%D9%85%D8%AD%D9%85%D8%AF_%28%D9%88%D8%B2%DB%8C%D8%B1%29
مرتضی مطهری,https://fa.wikipedia.org/wiki/%D9%85%D8%B1%D8%AA%D8%B6%DB%8C_%D9%85%D8%B7%D9%87%D8%B1%DB%8C
جهانگیر تفضلی,https://fa.wikipedia.org/wiki/%D8%AC%D9%87%D8%A7%D9%86%DA%AF%DB%8C%D8%B1_%D8%AA%D9%81%D8%B6%D9%84%DB%8C
کورس آموزگار,https://fa.wikipedia.org/wiki/%DA%A9%D9%88%D8%B1%D8%B3_%D8%A2%D9%85%D9%88%D8%B2%DA%AF%D8%A7%D8%B1
یحیی میرزا اسکندری,https://fa.wikipedia.org/wiki/%DB%8C%D8%AD%DB%8C%DB%8C_%D9%85%DB%8C%D8%B1%D8%B2%D8%A7_%D8%A7%D8%B3%DA%A9%D9%86%D8%AF%D8%B1%DB%8C
نجم ثانی,https://fa.wikipedia.org/wiki/%D9%86%D8%AC%D9%85_%D8%AB%D8%A7%D9%86%DB%8C
حسین بیگ شاملو,https://fa.wikipedia.org/wiki/%D8%AD%D8%B3%DB%8C%D9%86_%D8%A8%DB%8C%DA%AF_%D8%B4%D8%A7%D9%85%D9%84%D9%88
عبدالباقی یزدی,https://fa.wikipedia.org/wiki/%D8%B9%D8%A8%D8%AF%D8%A7%D9%84%D8%A8%D8%A7%D9%82%DB%8C_%DB%8C%D8%B2%D8%AF%DB%8C
شیخ حداد,https://fa.wikipedia.org/wiki/%D8%B4%DB%8C%D8%AE_%D8%AD%D8%AF%D8%A7%D8%AF
شیخ مزعل,https://fa.wikipedia.org/wiki/%D8%B4%DB%8C%D8%AE_%D9%85%D8%B2%D8%B9%D9%84
میر مهنا,https://fa.wikipedia.org/wiki/%D9%85%DB%8C%D8%B1_%D9%85%D9%87%D9%86%D8%A7
سید حسن امامی رضوی,https://fa.wikipedia.org/wiki/%D8%B3%DB%8C%D8%AF_%D8%AD%D8%B3%D9%86_%D8%A7%D9%85%D8%A7%D9%85%DB%8C_%D8%B1%D8%B6%D9%88%DB%8C
احمد شیبانی,https://fa.wikipedia.org/wiki/%D8%A7%D8%AD%D9%85%D8%AF_%D8%B4%DB%8C%D8%A8%D8%A7%D9%86%DB%8C
تقی آزاد ارمکی,https://fa.wikipedia.org/wiki/%D8%AA%D9%82%DB%8C_%D8%A2%D8%B2%D8%A7%D8%AF_%D8%A7%D8%B1%D9%85%DA%A9%DB%8C
سید فضل‌الله موسوی (استاد دانشگاه),https://fa.wikipedia.org/wiki/%D8%B3%DB%8C%D8%AF_%D9%81%D8%B6%D9%84%E2%80%8C%D8%A7%D9%84%D9%84%D9%87_%D9%85%D9%88%D8%B3%D9%88%DB%8C_%28%D8%A7%D8%B3%D8%AA%D8%A7%D8%AF_%D8%AF%D8%A7%D9%86%D8%B4%DA%AF%D8%A7%D9%87%29
غلامرضا ظریفیان,https://fa.wikipedia.org/wiki/%D8%BA%D9%84%D8%A7%D9%85%D8%B1%D8%B6%D8%A7_%D8%B8%D8%B1%DB%8C%D9%81%DB%8C%D8%A7%D9%86
قربان بهزادیان‌نژاد,https://fa.wikipedia.org/wiki/%D9%82%D8%B1%D8%A8%D8%A7%D9%86_%D8%A8%D9%87%D8%B2%D8%A7%D8%AF%DB%8C%D8%A7%D9%86%E2%80%8C%D9%86%DA%98%D8%A7%D8%AF
حسن خلیل‌آبادی,https://fa.wikipedia.org/wiki/%D8%AD%D8%B3%D9%86_%D8%AE%D9%84%DB%8C%D9%84%E2%80%8C%D8%A2%D8%A8%D8%A7%D8%AF%DB%8C
گوهرالشریعه دستغیب,https://fa.wikipedia.org/wiki/%DA%AF%D9%88%D9%87%D8%B1%D8%A7%D9%84%D8%B4%D8%B1%DB%8C%D8%B9%D9%87_%D8%AF%D8%B3%D8%AA%D8%BA%DB%8C%D8%A8
عبدالحمید نقره‌کار,https://fa.wikipedia.org/wiki/%D8%B9%D8%A8%D8%AF%D8%A7%D9%84%D8%AD%D9%85%DB%8C%D8%AF_%D9%86%D9%82%D8%B1%D9%87%E2%80%8C%DA%A9%D8%A7%D8%B1
سعید رضوی فقیه,https://fa.wikipedia.org/wiki/%D8%B3%D8%B9%DB%8C%D8%AF_%D8%B1%D8%B6%D9%88%DB%8C_%D9%81%D9%82%DB%8C%D9%87
سید محمود علیزاده طباطبایی,https://fa.wikipedia.org/wiki/%D8%B3%DB%8C%D8%AF_%D9%85%D8%AD%D9%85%D9%88%D8%AF_%D8%B9%D9%84%DB%8C%D8%B2%D8%A7%D8%AF%D9%87_%D8%B7%D8%A8%D8%A7%D8%B7%D8%A8%D8%A7%DB%8C%DB%8C
بدرالسادات مفیدی,https://fa.wikipedia.org/wiki/%D8%A8%D8%AF%D8%B1%D8%A7%D9%84%D8%B3%D8%A7%D8%AF%D8%A7%D8%AA_%D9%85%D9%81%DB%8C%D8%AF%DB%8C
محمدجعفر بهداد,https://fa.wikipedia.org/wiki/%D9%85%D8%AD%D9%85%D8%AF%D8%AC%D8%B9%D9%81%D8%B1_%D8%A8%D9%87%D8%AF%D8%A7%D8%AF
حسن کربلایی,https://fa.wikipedia.org/wiki/%D8%AD%D8%B3%D9%86_%DA%A9%D8%B1%D8%A8%D9%84%D8%A7%DB%8C%DB%8C
محمد صفی‌زاده,https://fa.wikipedia.org/wiki/%D9%85%D8%AD%D9%85%D8%AF_%D8%B5%D9%81%DB%8C%E2%80%8C%D8%B2%D8%A7%D8%AF%D9%87
عبدالحمید محتشم,https://fa.wikipedia.org/wiki/%D8%B9%D8%A8%D8%AF%D8%A7%D9%84%D8%AD%D9%85%DB%8C%D8%AF_%D9%85%D8%AD%D8%AA%D8%B4%D9%85
ابراهیم اسرافیلیان,https://fa.wikipedia.org/wiki/%D8%A7%D8%A8%D8%B1%D8%A7%D9%87%DB%8C%D9%85_%D8%A7%D8%B3%D8%B1%D8%A7%D9%81%DB%8C%D9%84%DB%8C%D8%A7%D9%86
رسول خدابخش,https://fa.wikipedia.org/wiki/%D8%B1%D8%B3%D9%88%D9%84_%D8%AE%D8%AF%D8%A7%D8%A8%D8%AE%D8%B4
اسماعیل فدایی,https://fa.wikipedia.org/wiki/%D8%A7%D8%B3%D9%85%D8%A7%D8%B9%DB%8C%D9%84_%D9%81%D8%AF%D8%A7%DB%8C%DB%8C
محمدتقی رهبر,https://fa.wikipedia.org/wiki/%D9%85%D8%AD%D9%85%D8%AF%D8%AA%D9%82%DB%8C_%D8%B1%D9%87%D8%A8%D8%B1
میرزا ابراهیم دشتی,https://fa.wikipedia.org/wiki/%D9%85%DB%8C%D8%B1%D8%B2%D8%A7_%D8%A7%D8%A8%D8%B1%D8%A7%D9%87%DB%8C%D9%85_%D8%AF%D8%B4%D8%AA%DB%8C
حسین راستی کاشانی,https://fa.wikipedia.org/wiki/%D8%AD%D8%B3%DB%8C%D9%86_%D8%B1%D8%A7%D8%B3%D8%AA%DB%8C_%DA%A9%D8%A7%D8%B4%D8%A7%D9%86%DB%8C
محمدرضا فاکر,https://fa.wikipedia.org/wiki/%D9%85%D8%AD%D9%85%D8%AF%D8%B1%D8%B6%D8%A7_%D9%81%D8%A7%DA%A9%D8%B1
مهدی زواره‌ای,https://fa.wikipedia.org/wiki/%D9%85%D9%87%D8%AF%DB%8C_%D8%B2%D9%88%D8%A7%D8%B1%D9%87%E2%80%8C%D8%A7%DB%8C
محمد شریعتی دهاقان,https://fa.wikipedia.org/wiki/%D9%85%D8%AD%D9%85%D8%AF_%D8%B4%D8%B1%DB%8C%D8%B9%D8%AA%DB%8C_%D8%AF%D9%87%D8%A7%D9%82%D8%A7%D9%86
سعید شریعتی,https://fa.wikipedia.org/wiki/%D8%B3%D8%B9%DB%8C%D8%AF_%D8%B4%D8%B1%DB%8C%D8%B9%D8%AA%DB%8C
محمدصابر عباسیان,https://fa.wikipedia.org/wiki/%D9%85%D8%AD%D9%85%D8%AF%D8%B5%D8%A7%D8%A8%D8%B1_%D8%B9%D8%A8%D8%A7%D8%B3%DB%8C%D8%A7%D9%86
علیرضا علوی‌تبار,https://fa.wikipedia.org/wiki/%D8%B9%D9%84%DB%8C%D8%B1%D8%B6%D8%A7_%D8%B9%D9%84%D9%88%DB%8C%E2%80%8C%D8%AA%D8%A8%D8%A7%D8%B1
غلامعلی سفید,https://fa.wikipedia.org/wiki/%D8%BA%D9%84%D8%A7%D9%85%D8%B9%D9%84%DB%8C_%D8%B3%D9%81%DB%8C%D8%AF
محمدهاشم مهیمنی,https://fa.wikipedia.org/wiki/%D9%85%D8%AD%D9%85%D8%AF%D9%87%D8%A7%D8%B4%D9%85_%D9%85%D9%87%DB%8C%D9%85%D9%86%DB%8C
سید علیرضا بهشتی,https://fa.wikipedia.org/wiki/%D8%B3%DB%8C%D8%AF_%D8%B9%D9%84%DB%8C%D8%B1%D8%B6%D8%A7_%D8%A8%D9%87%D8%B4%D8%AA%DB%8C
محمدرضا تاجیک,https://fa.wikipedia.org/wiki/%D9%85%D8%AD%D9%85%D8%AF%D8%B1%D8%B6%D8%A7_%D8%AA%D8%A7%D8%AC%DB%8C%DA%A9
عباس منوچهری,https://fa.wikipedia.org/wiki/%D8%B9%D8%A8%D8%A7%D8%B3_%D9%85%D9%86%D9%88%DA%86%D9%87%D8%B1%DB%8C
مهدی طائب,https://fa.wikipedia.org/wiki/%D9%85%D9%87%D8%AF%DB%8C_%D8%B7%D8%A7%D8%A6%D8%A8
افشین حبیب‌زاده,https://fa.wikipedia.org/wiki/%D8%A7%D9%81%D8%B4%DB%8C%D9%86_%D8%AD%D8%A8%DB%8C%D8%A8%E2%80%8C%D8%B2%D8%A7%D8%AF%D9%87
رضا خجسته رحیمی,https://fa.wikipedia.org/wiki/%D8%B1%D8%B6%D8%A7_%D8%AE%D8%AC%D8%B3%D8%AA%D9%87_%D8%B1%D8%AD%DB%8C%D9%85%DB%8C
سید محمد حائری,https://fa.wikipedia.org/wiki/%D8%B3%DB%8C%D8%AF_%D9%85%D8%AD%D9%85%D8%AF_%D8%AD%D8%A7%D8%A6%D8%B1%DB%8C
اسماعیل گرامی‌مقدم,https://fa.wikipedia.org/wiki/%D8%A7%D8%B3%D9%85%D8%A7%D8%B9%DB%8C%D9%84_%DA%AF%D8%B1%D8%A7%D9%85%DB%8C%E2%80%8C%D9%85%D9%82%D8%AF%D9%85
حسن قاسمیه,https://fa.wikipedia.org/wiki/%D8%AD%D8%B3%D9%86_%D9%82%D8%A7%D8%B3%D9%85%DB%8C%D9%87
حسن شهیدی,https://fa.wikipedia.org/wiki/%D8%AD%D8%B3%D9%86_%D8%B4%D9%87%DB%8C%D8%AF%DB%8C
فرخ نجم‌آبادی,https://fa.wikipedia.org/wiki/%D9%81%D8%B1%D8%AE_%D9%86%D8%AC%D9%85%E2%80%8C%D8%A2%D8%A8%D8%A7%D8%AF%DB%8C
صادق نوروزی زاده,https://fa.wikipedia.org/wiki/%D8%B5%D8%A7%D8%AF%D9%82_%D9%86%D9%88%D8%B1%D9%88%D8%B2%DB%8C_%D8%B2%D8%A7%D8%AF%D9%87
سید صدرالدین بلاغی,https://fa.wikipedia.org/wiki/%D8%B3%DB%8C%D8%AF_%D8%B5%D8%AF%D8%B1%D8%A7%D9%84%D8%AF%DB%8C%D9%86_%D8%A8%D9%84%D8%A7%D8%BA%DB%8C
مصطفی الموتی‌نیا,https://fa.wikipedia.org/wiki/%D9%85%D8%B5%D8%B7%D9%81%DB%8C_%D8%A7%D9%84%D9%85%D9%88%D8%AA%DB%8C%E2%80%8C%D9%86%DB%8C%D8%A7
فریدون مهدوی,https://fa.wikipedia.org/wiki/%D9%81%D8%B1%DB%8C%D8%AF%D9%88%D9%86_%D9%85%D9%87%D8%AF%D9%88%DB%8C
احمد نقیب‌زاده,https://fa.wikipedia.org/wiki/%D8%A7%D8%AD%D9%85%D8%AF_%D9%86%D9%82%DB%8C%D8%A8%E2%80%8C%D8%B2%D8%A7%D8%AF%D9%87
اسدالله غفارزاده,https://fa.wikipedia.org/wiki/%D8%A7%D8%B3%D8%AF%D8%A7%D9%84%D9%84%D9%87_%D8%BA%D9%81%D8%A7%D8%B1%D8%B2%D8%A7%D8%AF%D9%87
کوروش مدرسی,https://fa.wikipedia.org/wiki/%DA%A9%D9%88%D8%B1%D9%88%D8%B4_%D9%85%D8%AF%D8%B1%D8%B3%DB%8C
سعید امانی,https://fa.wikipedia.org/wiki/%D8%B3%D8%B9%DB%8C%D8%AF_%D8%A7%D9%85%D8%A7%D9%86%DB%8C
رضا صفار هرندی,https://fa.wikipedia.org/wiki/%D8%B1%D8%B6%D8%A7_%D8%B5%D9%81%D8%A7%D8%B1_%D9%87%D8%B1%D9%86%D8%AF%DB%8C
احمد شهاب,https://fa.wikipedia.org/wiki/%D8%A7%D8%AD%D9%85%D8%AF_%D8%B4%D9%87%D8%A7%D8%A8
محمد عرب (دیپلمات),https://fa.wikipedia.org/wiki/%D9%85%D8%AD%D9%85%D8%AF_%D8%B9%D8%B1%D8%A8_%28%D8%AF%DB%8C%D9%BE%D9%84%D9%85%D8%A7%D8%AA%29
محمد بخارایی,https://fa.wikipedia.org/wiki/%D9%85%D8%AD%D9%85%D8%AF_%D8%A8%D8%AE%D8%A7%D8%B1%D8%A7%DB%8C%DB%8C
اکبر کرمی,https://fa.wikipedia.org/wiki/%D8%A7%DA%A9%D8%A8%D8%B1_%DA%A9%D8%B1%D9%85%DB%8C
احمد غضنفرپور,https://fa.wikipedia.org/wiki/%D8%A7%D8%AD%D9%85%D8%AF_%D8%BA%D8%B6%D9%86%D9%81%D8%B1%D9%BE%D9%88%D8%B1
امیرهوشنگ کشاورز صدر,https://fa.wikipedia.org/wiki/%D8%A7%D9%85%DB%8C%D8%B1%D9%87%D9%88%D8%B4%D9%86%DA%AF_%DA%A9%D8%B4%D8%A7%D9%88%D8%B1%D8%B2_%D8%B5%D8%AF%D8%B1
سید فتح‌الله بنی‌صدر,https://fa.wikipedia.org/wiki/%D8%B3%DB%8C%D8%AF_%D9%81%D8%AA%D8%AD%E2%80%8C%D8%A7%D9%84%D9%84%D9%87_%D8%A8%D9%86%DB%8C%E2%80%8C%D8%B5%D8%AF%D8%B1
بهرام آرام,https://fa.wikipedia.org/wiki/%D8%A8%D9%87%D8%B1%D8%A7%D9%85_%D8%A2%D8%B1%D8%A7%D9%85
تراب حق‌شناس,https://fa.wikipedia.org/wiki/%D8%AA%D8%B1%D8%A7%D8%A8_%D8%AD%D9%82%E2%80%8C%D8%B4%D9%86%D8%A7%D8%B3
محمد اعظمی,https://fa.wikipedia.org/wiki/%D9%85%D8%AD%D9%85%D8%AF_%D8%A7%D8%B9%D8%B8%D9%85%DB%8C
غفور حسن‌پور,https://fa.wikipedia.org/wiki/%D8%BA%D9%81%D9%88%D8%B1_%D8%AD%D8%B3%D9%86%E2%80%8C%D9%BE%D9%88%D8%B1
محمدجواد امام,https://fa.wikipedia.org/wiki/%D9%85%D8%AD%D9%85%D8%AF%D8%AC%D9%88%D8%A7%D8%AF_%D8%A7%D9%85%D8%A7%D9%85
خلیل طهماسبی,https://fa.wikipedia.org/wiki/%D8%AE%D9%84%DB%8C%D9%84_%D8%B7%D9%87%D9%85%D8%A7%D8%B3%D8%A8%DB%8C
غلام‌یحیی دانشیان,https://fa.wikipedia.org/wiki/%D8%BA%D9%84%D8%A7%D9%85%E2%80%8C%DB%8C%D8%AD%DB%8C%DB%8C_%D8%AF%D8%A7%D9%86%D8%B4%DB%8C%D8%A7%D9%86
غلامرضا خواجه‌سروی,https://fa.wikipedia.org/wiki/%D8%BA%D9%84%D8%A7%D9%85%D8%B1%D8%B6%D8%A7_%D8%AE%D9%88%D8%A7%D8%AC%D9%87%E2%80%8C%D8%B3%D8%B1%D9%88%DB%8C
سید جاسم ساعدی,https://fa.wikipedia.org/wiki/%D8%B3%DB%8C%D8%AF_%D8%AC%D8%A7%D8%B3%D9%85_%D8%B3%D8%A7%D8%B9%D8%AF%DB%8C
حسن کامران دستجردی,https://fa.wikipedia.org/wiki/%D8%AD%D8%B3%D9%86_%DA%A9%D8%A7%D9%85%D8%B1%D8%A7%D9%86_%D8%AF%D8%B3%D8%AA%D8%AC%D8%B1%D8%AF%DB%8C
بارزان حسن‌پور,https://fa.wikipedia.org/wiki/%D8%A8%D8%A7%D8%B1%D8%B2%D8%A7%D9%86_%D8%AD%D8%B3%D9%86%E2%80%8C%D9%BE%D9%88%D8%B1
سوسن سیف,https://fa.wikipedia.org/wiki/%D8%B3%D9%88%D8%B3%D9%86_%D8%B3%DB%8C%D9%81
غلامعلی رجایی,https://fa.wikipedia.org/wiki/%D8%BA%D9%84%D8%A7%D9%85%D8%B9%D9%84%DB%8C_%D8%B1%D8%AC%D8%A7%DB%8C%DB%8C
محمدرضا توسلی محلاتی,https://fa.wikipedia.org/wiki/%D9%85%D8%AD%D9%85%D8%AF%D8%B1%D8%B6%D8%A7_%D8%AA%D9%88%D8%B3%D9%84%DB%8C_%D9%85%D8%AD%D9%84%D8%A7%D8%AA%DB%8C
سید مهدی امام‌جمارانی,https://fa.wikipedia.org/wiki/%D8%B3%DB%8C%D8%AF_%D9%85%D9%87%D8%AF%DB%8C_%D8%A7%D9%85%D8%A7%D9%85%E2%80%8C%D8%AC%D9%85%D8%A7%D8%B1%D8%A7%D9%86%DB%8C
محمدعلی خسروی,https://fa.wikipedia.org/wiki/%D9%85%D8%AD%D9%85%D8%AF%D8%B9%D9%84%DB%8C_%D8%AE%D8%B3%D8%B1%D9%88%DB%8C
زهرا صدراعظم نوری,https://fa.wikipedia.org/wiki/%D8%B2%D9%87%D8%B1%D8%A7_%D8%B5%D8%AF%D8%B1%D8%A7%D8%B9%D8%B8%D9%85_%D9%86%D9%88%D8%B1%DB%8C
زهرا نژادبهرام,https://fa.wikipedia.org/wiki/%D8%B2%D9%87%D8%B1%D8%A7_%D9%86%DA%98%D8%A7%D8%AF%D8%A8%D9%87%D8%B1%D8%A7%D9%85
عبدالرحیم سلیمانی,https://fa.wikipedia.org/wiki/%D8%B9%D8%A8%D8%AF%D8%A7%D9%84%D8%B1%D8%AD%DB%8C%D9%85_%D8%B3%D9%84%DB%8C%D9%85%D8%A7%D9%86%DB%8C
سید محمدعلی ایازی,https://fa.wikipedia.org/wiki/%D8%B3%DB%8C%D8%AF_%D9%85%D8%AD%D9%85%D8%AF%D8%B9%D9%84%DB%8C_%D8%A7%DB%8C%D8%A7%D8%B2%DB%8C
محمد عبایی خراسانی,https://fa.wikipedia.org/wiki/%D9%85%D8%AD%D9%85%D8%AF_%D8%B9%D8%A8%D8%A7%DB%8C%DB%8C_%D8%AE%D8%B1%D8%A7%D8%B3%D8%A7%D9%86%DB%8C
محمدعلی کوشا,https://fa.wikipedia.org/wiki/%D9%85%D8%AD%D9%85%D8%AF%D8%B9%D9%84%DB%8C_%DA%A9%D9%88%D8%B4%D8%A7
سید محسن موسوی تبریزی,https://fa.wikipedia.org/wiki/%D8%B3%DB%8C%D8%AF_%D9%85%D8%AD%D8%B3%D9%86_%D9%85%D9%88%D8%B3%D9%88%DB%8C_%D8%AA%D8%A8%D8%B1%DB%8C%D8%B2%DB%8C
ابوالفضل بازرگان,https://fa.wikipedia.org/wiki/%D8%A7%D8%A8%D9%88%D8%A7%D9%84%D9%81%D8%B6%D9%84_%D8%A8%D8%A7%D8%B2%D8%B1%DA%AF%D8%A7%D9%86
محمد بسته‌نگار,https://fa.wikipedia.org/wiki/%D9%85%D8%AD%D9%85%D8%AF_%D8%A8%D8%B3%D8%AA%D9%87%E2%80%8C%D9%86%DA%AF%D8%A7%D8%B1
محمدکریم خداپناهی,https://fa.wikipedia.org/wiki/%D9%85%D8%AD%D9%85%D8%AF%DA%A9%D8%B1%DB%8C%D9%85_%D8%AE%D8%AF%D8%A7%D9%BE%D9%86%D8%A7%D9%87%DB%8C
خسرو منصوریان,https://fa.wikipedia.org/wiki/%D8%AE%D8%B3%D8%B1%D9%88_%D9%85%D9%86%D8%B5%D9%88%D8%B1%DB%8C%D8%A7%D9%86
غفار فرزدی,https://fa.wikipedia.org/wiki/%D8%BA%D9%81%D8%A7%D8%B1_%D9%81%D8%B1%D8%B2%D8%AF%DB%8C
فرشته بازرگان,https://fa.wikipedia.org/wiki/%D9%81%D8%B1%D8%B4%D8%AA%D9%87_%D8%A8%D8%A7%D8%B2%D8%B1%DA%AF%D8%A7%D9%86
مهدی نوربخش,https://fa.wikipedia.org/wiki/%D9%85%D9%87%D8%AF%DB%8C_%D9%86%D9%88%D8%B1%D8%A8%D8%AE%D8%B4
سید هاشم وکیل,https://fa.wikipedia.org/wiki/%D8%B3%DB%8C%D8%AF_%D9%87%D8%A7%D8%B4%D9%85_%D9%88%DA%A9%DB%8C%D9%84
اصغر پارسا,https://fa.wikipedia.org/wiki/%D8%A7%D8%B5%D8%BA%D8%B1_%D9%BE%D8%A7%D8%B1%D8%B3%D8%A7
مرجان نازقلیچ,https://fa.wikipedia.org/wiki/%D9%85%D8%B1%D8%AC%D8%A7%D9%86_%D9%86%D8%A7%D8%B2%D9%82%D9%84%DB%8C%DA%86
اسماعیل آیت‌الله‌زاده رشتی,https://fa.wikipedia.org/wiki/%D8%A7%D8%B3%D9%85%D8%A7%D8%B9%DB%8C%D9%84_%D8%A2%DB%8C%D8%AA%E2%80%8C%D8%A7%D9%84%D9%84%D9%87%E2%80%8C%D8%B2%D8%A7%D8%AF%D9%87_%D8%B1%D8%B4%D8%AA%DB%8C
جهانگیر سرتیپ‌پور,https://fa.wikipedia.org/wiki/%D8%AC%D9%87%D8%A7%D9%86%DA%AF%DB%8C%D8%B1_%D8%B3%D8%B1%D8%AA%DB%8C%D9%BE%E2%80%8C%D9%BE%D9%88%D8%B1
عیسی سروش,https://fa.wikipedia.org/wiki/%D8%B9%DB%8C%D8%B3%DB%8C_%D8%B3%D8%B1%D9%88%D8%B4
سید یحیی مروستی ندامانی,https://fa.wikipedia.org/wiki/%D8%B3%DB%8C%D8%AF_%DB%8C%D8%AD%DB%8C%DB%8C_%D9%85%D8%B1%D9%88%D8%B3%D8%AA%DB%8C_%D9%86%D8%AF%D8%A7%D9%85%D8%A7%D9%86%DB%8C
میرصالح مظفرزاده,https://fa.wikipedia.org/wiki/%D9%85%DB%8C%D8%B1%D8%B5%D8%A7%D9%84%D8%AD_%D9%85%D8%B8%D9%81%D8%B1%D8%B2%D8%A7%D8%AF%D9%87
شمس‌الدین مفیدی,https://fa.wikipedia.org/wiki/%D8%B4%D9%85%D8%B3%E2%80%8C%D8%A7%D9%84%D8%AF%DB%8C%D9%86_%D9%85%D9%81%DB%8C%D8%AF%DB%8C
حسین ملک‌المعالی,https://fa.wikipedia.org/wiki/%D8%AD%D8%B3%DB%8C%D9%86_%D9%85%D9%84%DA%A9%E2%80%8C%D8%A7%D9%84%D9%85%D8%B9%D8%A7%D9%84%DB%8C
میرزا علی‌اکبر تاجر نهاوندی,https://fa.wikipedia.org/wiki/%D9%85%DB%8C%D8%B1%D8%B2%D8%A7_%D8%B9%D9%84%DB%8C%E2%80%8C%D8%A7%DA%A9%D8%A8%D8%B1_%D8%AA%D8%A7%D8%AC%D8%B1_%D9%86%D9%87%D8%A7%D9%88%D9%86%D8%AF%DB%8C
عزت‌الله دامادی,https://fa.wikipedia.org/wiki/%D8%B9%D8%B2%D8%AA%E2%80%8C%D8%A7%D9%84%D9%84%D9%87_%D8%AF%D8%A7%D9%85%D8%A7%D8%AF%DB%8C
مصطفی‌خان سورتیجی,https://fa.wikipedia.org/wiki/%D9%85%D8%B5%D8%B7%D9%81%DB%8C%E2%80%8C%D8%AE%D8%A7%D9%86_%D8%B3%D9%88%D8%B1%D8%AA%DB%8C%D8%AC%DB%8C
میرزا حبیب‌الله‌خان سورتیجی,https://fa.wikipedia.org/wiki/%D9%85%DB%8C%D8%B1%D8%B2%D8%A7_%D8%AD%D8%A8%DB%8C%D8%A8%E2%80%8C%D8%A7%D9%84%D9%84%D9%87%E2%80%8C%D8%AE%D8%A7%D9%86_%D8%B3%D9%88%D8%B1%D8%AA%DB%8C%D8%AC%DB%8C
سهراب محمودیان,https://fa.wikipedia.org/wiki/%D8%B3%D9%87%D8%B1%D8%A7%D8%A8_%D9%85%D8%AD%D9%85%D9%88%D8%AF%DB%8C%D8%A7%D9%86
سید عباس شریف‌العلما خاوری,https://fa.wikipedia.org/wiki/%D8%B3%DB%8C%D8%AF_%D8%B9%D8%A8%D8%A7%D8%B3_%D8%B4%D8%B1%DB%8C%D9%81%E2%80%8C%D8%A7%D9%84%D8%B9%D9%84%D9%85%D8%A7_%D8%AE%D8%A7%D9%88%D8%B1%DB%8C
سید محسن عمادی,https://fa.wikipedia.org/wiki/%D8%B3%DB%8C%D8%AF_%D9%85%D8%AD%D8%B3%D9%86_%D8%B9%D9%85%D8%A7%D8%AF%DB%8C
لیلا واثقی,https://fa.wikipedia.org/wiki/%D9%84%DB%8C%D9%84%D8%A7_%D9%88%D8%A7%D8%AB%D9%82%DB%8C
مرزبان بن رستم بن شروین طبری,https://fa.wikipedia.org/wiki/%D9%85%D8%B1%D8%B2%D8%A8%D8%A7%D9%86_%D8%A8%D9%86_%D8%B1%D8%B3%D8%AA%D9%85_%D8%A8%D9%86_%D8%B4%D8%B1%D9%88%DB%8C%D9%86_%D8%B7%D8%A8%D8%B1%DB%8C
حسن احمدی مقدس,https://fa.wikipedia.org/wiki/%D8%AD%D8%B3%D9%86_%D8%A7%D8%AD%D9%85%D8%AF%DB%8C_%D9%85%D9%82%D8%AF%D8%B3
سید علی مقدم,https://fa.wikipedia.org/wiki/%D8%B3%DB%8C%D8%AF_%D8%B9%D9%84%DB%8C_%D9%85%D9%82%D8%AF%D9%85
محمدمهدی فقیهی,https://fa.wikipedia.org/wiki/%D9%85%D8%AD%D9%85%D8%AF%D9%85%D9%87%D8%AF%DB%8C_%D9%81%D9%82%DB%8C%D9%87%DB%8C
عبدالله خان خدابنده شهرکی,https://fa.wikipedia.org/wiki/%D8%B9%D8%A8%D8%AF%D8%A7%D9%84%D9%84%D9%87_%D8%AE%D8%A7%D9%86_%D8%AE%D8%AF%D8%A7%D8%A8%D9%86%D8%AF%D9%87_%D8%B4%D9%87%D8%B1%DA%A9%DB%8C
هدایت الله شهاب فردوسی,https://fa.wikipedia.org/wiki/%D9%87%D8%AF%D8%A7%DB%8C%D8%AA_%D8%A7%D9%84%D9%84%D9%87_%D8%B4%D9%87%D8%A7%D8%A8_%D9%81%D8%B1%D8%AF%D9%88%D8%B3%DB%8C
محمد بهرامی خوشکار,https://fa.wikipedia.org/wiki/%D9%85%D8%AD%D9%85%D8%AF_%D8%A8%D9%87%D8%B1%D8%A7%D9%85%DB%8C_%D8%AE%D9%88%D8%B4%DA%A9%D8%A7%D8%B1
مرتضی فهیم کرمانی,https://fa.wikipedia.org/wiki/%D9%85%D8%B1%D8%AA%D8%B6%DB%8C_%D9%81%D9%87%DB%8C%D9%85_%DA%A9%D8%B1%D9%85%D8%A7%D9%86%DB%8C
علی‌بگ زنگنه,https://fa.wikipedia.org/wiki/%D8%B9%D9%84%DB%8C%E2%80%8C%D8%A8%DA%AF_%D8%B2%D9%86%DA%AF%D9%86%D9%87
میرزا حسین‌خان آجودانباشی,https://fa.wikipedia.org/wiki/%D9%85%DB%8C%D8%B1%D8%B2%D8%A7_%D8%AD%D8%B3%DB%8C%D9%86%E2%80%8C%D8%AE%D8%A7%D9%86_%D8%A2%D8%AC%D9%88%D8%AF%D8%A7%D9%86%D8%A8%D8%A7%D8%B4%DB%8C
ابراهیم خلیل جوانشیر,https://fa.wikipedia.org/wiki/%D8%A7%D8%A8%D8%B1%D8%A7%D9%87%DB%8C%D9%85_%D8%AE%D9%84%DB%8C%D9%84_%D8%AC%D9%88%D8%A7%D9%86%D8%B4%DB%8C%D8%B1
ابن‌الشیخ,https://fa.wikipedia.org/wiki/%D8%A7%D8%A8%D9%86%E2%80%8C%D8%A7%D9%84%D8%B4%DB%8C%D8%AE
امیرمؤید سوادکوهی,https://fa.wikipedia.org/wiki/%D8%A7%D9%85%DB%8C%D8%B1%D9%85%D8%A4%DB%8C%D8%AF_%D8%B3%D9%88%D8%A7%D8%AF%DA%A9%D9%88%D9%87%DB%8C
رحیم چلبیانلو,https://fa.wikipedia.org/wiki/%D8%B1%D8%AD%DB%8C%D9%85_%DA%86%D9%84%D8%A8%DB%8C%D8%A7%D9%86%D9%84%D9%88
خبیرالملک,https://fa.wikipedia.org/wiki/%D8%AE%D8%A8%DB%8C%D8%B1%D8%A7%D9%84%D9%85%D9%84%DA%A9
رکن‌الملک,https://fa.wikipedia.org/wiki/%D8%B1%DA%A9%D9%86%E2%80%8C%D8%A7%D9%84%D9%85%D9%84%DA%A9
یارمحمد سهام‌الدوله,https://fa.wikipedia.org/wiki/%DB%8C%D8%A7%D8%B1%D9%85%D8%AD%D9%85%D8%AF_%D8%B3%D9%87%D8%A7%D9%85%E2%80%8C%D8%A7%D9%84%D8%AF%D9%88%D9%84%D9%87
سید حسن حبل‌المتین,https://fa.wikipedia.org/wiki/%D8%B3%DB%8C%D8%AF_%D8%AD%D8%B3%D9%86_%D8%AD%D8%A8%D9%84%E2%80%8C%D8%A7%D9%84%D9%85%D8%AA%DB%8C%D9%86
علی ظهیرالدوله,https://fa.wikipedia.org/wiki/%D8%B9%D9%84%DB%8C_%D8%B8%D9%87%DB%8C%D8%B1%D8%A7%D9%84%D8%AF%D9%88%D9%84%D9%87
عباسقلی معتمدالدوله جوانشیر,https://fa.wikipedia.org/wiki/%D8%B9%D8%A8%D8%A7%D8%B3%D9%82%D9%84%DB%8C_%D9%85%D8%B9%D8%AA%D9%85%D8%AF%D8%A7%D9%84%D8%AF%D9%88%D9%84%D9%87_%D8%AC%D9%88%D8%A7%D9%86%D8%B4%DB%8C%D8%B1
عبدالحسین سالارالملک گروسی,https://fa.wikipedia.org/wiki/%D8%B9%D8%A8%D8%AF%D8%A7%D9%84%D8%AD%D8%B3%DB%8C%D9%86_%D8%B3%D8%A7%D9%84%D8%A7%D8%B1%D8%A7%D9%84%D9%85%D9%84%DA%A9_%DA%AF%D8%B1%D9%88%D8%B3%DB%8C
غلامحسین‌خان گرجی,https://fa.wikipedia.org/wiki/%D8%BA%D9%84%D8%A7%D9%85%D8%AD%D8%B3%DB%8C%D9%86%E2%80%8C%D8%AE%D8%A7%D9%86_%DA%AF%D8%B1%D8%AC%DB%8C
محمدحسین دبیرالملک فراهانی,https://fa.wikipedia.org/wiki/%D9%85%D8%AD%D9%85%D8%AF%D8%AD%D8%B3%DB%8C%D9%86_%D8%AF%D8%A8%DB%8C%D8%B1%D8%A7%D9%84%D9%85%D9%84%DA%A9_%D9%81%D8%B1%D8%A7%D9%87%D8%A7%D9%86%DB%8C
باقر کدخدازاده,https://fa.wikipedia.org/wiki/%D8%A8%D8%A7%D9%82%D8%B1_%DA%A9%D8%AF%D8%AE%D8%AF%D8%A7%D8%B2%D8%A7%D8%AF%D9%87
مارکار خان داویدخانیان,https://fa.wikipedia.org/wiki/%D9%85%D8%A7%D8%B1%DA%A9%D8%A7%D8%B1_%D8%AE%D8%A7%D9%86_%D8%AF%D8%A7%D9%88%DB%8C%D8%AF%D8%AE%D8%A7%D9%86%DB%8C%D8%A7%D9%86
عبدالله مازندرانی,https://fa.wikipedia.org/wiki/%D8%B9%D8%A8%D8%AF%D8%A7%D9%84%D9%84%D9%87_%D9%85%D8%A7%D8%B2%D9%86%D8%AF%D8%B1%D8%A7%D9%86%DB%8C
ابوالفتح میرزا مؤیدالدوله,https://fa.wikipedia.org/wiki/%D8%A7%D8%A8%D9%88%D8%A7%D9%84%D9%81%D8%AA%D8%AD_%D9%85%DB%8C%D8%B1%D8%B2%D8%A7_%D9%85%D8%A4%DB%8C%D8%AF%D8%A7%D9%84%D8%AF%D9%88%D9%84%D9%87
رضا مؤیدالسلطنه,https://fa.wikipedia.org/wiki/%D8%B1%D8%B6%D8%A7_%D9%85%D8%A4%DB%8C%D8%AF%D8%A7%D9%84%D8%B3%D9%84%D8%B7%D9%86%D9%87
محمد قوام‌الدوله,https://fa.wikipedia.org/wiki/%D9%85%D8%AD%D9%85%D8%AF_%D9%82%D9%88%D8%A7%D9%85%E2%80%8C%D8%A7%D9%84%D8%AF%D9%88%D9%84%D9%87
ابراهیم معتمدالسلطنه,https://fa.wikipedia.org/wiki/%D8%A7%D8%A8%D8%B1%D8%A7%D9%87%DB%8C%D9%85_%D9%85%D8%B9%D8%AA%D9%85%D8%AF%D8%A7%D9%84%D8%B3%D9%84%D8%B7%D9%86%D9%87
سردار رفیع یانه‌سری,https://fa.wikipedia.org/wiki/%D8%B3%D8%B1%D8%AF%D8%A7%D8%B1_%D8%B1%D9%81%DB%8C%D8%B9_%DB%8C%D8%A7%D9%86%D9%87%E2%80%8C%D8%B3%D8%B1%DB%8C
میرزا علی‌نقی‌خان حکیم‌الممالک,https://fa.wikipedia.org/wiki/%D9%85%DB%8C%D8%B1%D8%B2%D8%A7_%D8%B9%D9%84%DB%8C%E2%80%8C%D9%86%D9%82%DB%8C%E2%80%8C%D8%AE%D8%A7%D9%86_%D8%AD%DA%A9%DB%8C%D9%85%E2%80%8C%D8%A7%D9%84%D9%85%D9%85%D8%A7%D9%84%DA%A9
یوسف‌خان گرجی,https://fa.wikipedia.org/wiki/%DB%8C%D9%88%D8%B3%D9%81%E2%80%8C%D8%AE%D8%A7%D9%86_%DA%AF%D8%B1%D8%AC%DB%8C
محمدصادق میرزا معزالدوله,https://fa.wikipedia.org/wiki/%D9%85%D8%AD%D9%85%D8%AF%D8%B5%D8%A7%D8%AF%D9%82_%D9%85%DB%8C%D8%B1%D8%B2%D8%A7_%D9%85%D8%B9%D8%B2%D8%A7%D9%84%D8%AF%D9%88%D9%84%D9%87
ابن فولاد,https://fa.wikipedia.org/wiki/%D8%A7%D8%A8%D9%86_%D9%81%D9%88%D9%84%D8%A7%D8%AF
خسروخان گرجی,https://fa.wikipedia.org/wiki/%D8%AE%D8%B3%D8%B1%D9%88%D8%AE%D8%A7%D9%86_%DA%AF%D8%B1%D8%AC%DB%8C
محمد اقبال‌الدوله,https://fa.wikipedia.org/wiki/%D9%85%D8%AD%D9%85%D8%AF_%D8%A7%D9%82%D8%A8%D8%A7%D9%84%E2%80%8C%D8%A7%D9%84%D8%AF%D9%88%D9%84%D9%87
میرزا نبی قزوینی,https://fa.wikipedia.org/wiki/%D9%85%DB%8C%D8%B1%D8%B2%D8%A7_%D9%86%D8%A8%DB%8C_%D9%82%D8%B2%D9%88%DB%8C%D9%86%DB%8C
یزید بن قیس ارحبی,https://fa.wikipedia.org/wiki/%DB%8C%D8%B2%DB%8C%D8%AF_%D8%A8%D9%86_%D9%82%DB%8C%D8%B3_%D8%A7%D8%B1%D8%AD%D8%A8%DB%8C
پاشاخان امین‌الملک,https://fa.wikipedia.org/wiki/%D9%BE%D8%A7%D8%B4%D8%A7%D8%AE%D8%A7%D9%86_%D8%A7%D9%85%DB%8C%D9%86%E2%80%8C%D8%A7%D9%84%D9%85%D9%84%DA%A9
محمدتقی حسام‌السلطنه,https://fa.wikipedia.org/wiki/%D9%85%D8%AD%D9%85%D8%AF%D8%AA%D9%82%DB%8C_%D8%AD%D8%B3%D8%A7%D9%85%E2%80%8C%D8%A7%D9%84%D8%B3%D9%84%D8%B7%D9%86%D9%87
حموله بن علی بروجردی,https://fa.wikipedia.org/wiki/%D8%AD%D9%85%D9%88%D9%84%D9%87_%D8%A8%D9%86_%D8%B9%D9%84%DB%8C_%D8%A8%D8%B1%D9%88%D8%AC%D8%B1%D8%AF%DB%8C
جعفرقلی قاجار,https://fa.wikipedia.org/wiki/%D8%AC%D8%B9%D9%81%D8%B1%D9%82%D9%84%DB%8C_%D9%82%D8%A7%D8%AC%D8%A7%D8%B1
محمدحسین دبیرالملک شیرازی,https://fa.wikipedia.org/wiki/%D9%85%D8%AD%D9%85%D8%AF%D8%AD%D8%B3%DB%8C%D9%86_%D8%AF%D8%A8%DB%8C%D8%B1%D8%A7%D9%84%D9%85%D9%84%DA%A9_%D8%B4%DB%8C%D8%B1%D8%A7%D8%B2%DB%8C
محمدرحیم خان علاءالدوله,https://fa.wikipedia.org/wiki/%D9%85%D8%AD%D9%85%D8%AF%D8%B1%D8%AD%DB%8C%D9%85_%D8%AE%D8%A7%D9%86_%D8%B9%D9%84%D8%A7%D8%A1%D8%A7%D9%84%D8%AF%D9%88%D9%84%D9%87
غلامحسین غفاری,https://fa.wikipedia.org/wiki/%D8%BA%D9%84%D8%A7%D9%85%D8%AD%D8%B3%DB%8C%D9%86_%D8%BA%D9%81%D8%A7%D8%B1%DB%8C
محمد تقی میرزا رکن‌الدوله,https://fa.wikipedia.org/wiki/%D9%85%D8%AD%D9%85%D8%AF_%D8%AA%D9%82%DB%8C_%D9%85%DB%8C%D8%B1%D8%B2%D8%A7_%D8%B1%DA%A9%D9%86%E2%80%8C%D8%A7%D9%84%D8%AF%D9%88%D9%84%D9%87
تهماسب میرزا مؤیدالدوله,https://fa.wikipedia.org/wiki/%D8%AA%D9%87%D9%85%D8%A7%D8%B3%D8%A8_%D9%85%DB%8C%D8%B1%D8%B2%D8%A7_%D9%85%D8%A4%DB%8C%D8%AF%D8%A7%D9%84%D8%AF%D9%88%D9%84%D9%87
حسین‌خان شاهسون,https://fa.wikipedia.org/wiki/%D8%AD%D8%B3%DB%8C%D9%86%E2%80%8C%D8%AE%D8%A7%D9%86_%D8%B4%D8%A7%D9%87%D8%B3%D9%88%D9%86
رجاء بن ابی‌ضحاک,https://fa.wikipedia.org/wiki/%D8%B1%D8%AC%D8%A7%D8%A1_%D8%A8%D9%86_%D8%A7%D8%A8%DB%8C%E2%80%8C%D8%B6%D8%AD%D8%A7%DA%A9
فتحعلی‌خان صاحب‌دیوان,https://fa.wikipedia.org/wiki/%D9%81%D8%AA%D8%AD%D8%B9%D9%84%DB%8C%E2%80%8C%D8%AE%D8%A7%D9%86_%D8%B5%D8%A7%D8%AD%D8%A8%E2%80%8C%D8%AF%DB%8C%D9%88%D8%A7%D9%86
فریدون میرزا,https://fa.wikipedia.org/wiki/%D9%81%D8%B1%DB%8C%D8%AF%D9%88%D9%86_%D9%85%DB%8C%D8%B1%D8%B2%D8%A7
محمدحسین میرزا حشمت‌الدوله,https://fa.wikipedia.org/wiki/%D9%85%D8%AD%D9%85%D8%AF%D8%AD%D8%B3%DB%8C%D9%86_%D9%85%DB%8C%D8%B1%D8%B2%D8%A7_%D8%AD%D8%B4%D9%85%D8%AA%E2%80%8C%D8%A7%D9%84%D8%AF%D9%88%D9%84%D9%87
ذوالفقارخان افشار,https://fa.wikipedia.org/wiki/%D8%B0%D9%88%D8%A7%D9%84%D9%81%D9%82%D8%A7%D8%B1%D8%AE%D8%A7%D9%86_%D8%A7%D9%81%D8%B4%D8%A7%D8%B1
عبدالصمد میرزا عزالدوله,https://fa.wikipedia.org/wiki/%D8%B9%D8%A8%D8%AF%D8%A7%D9%84%D8%B5%D9%85%D8%AF_%D9%85%DB%8C%D8%B1%D8%B2%D8%A7_%D8%B9%D8%B2%D8%A7%D9%84%D8%AF%D9%88%D9%84%D9%87
عیسی‌خان مجدالسلطنه,https://fa.wikipedia.org/wiki/%D8%B9%DB%8C%D8%B3%DB%8C%E2%80%8C%D8%AE%D8%A7%D9%86_%D9%85%D8%AC%D8%AF%D8%A7%D9%84%D8%B3%D9%84%D8%B7%D9%86%D9%87
بهمن میرزا بهاءالدوله,https://fa.wikipedia.org/wiki/%D8%A8%D9%87%D9%85%D9%86_%D9%85%DB%8C%D8%B1%D8%B2%D8%A7_%D8%A8%D9%87%D8%A7%D8%A1%D8%A7%D9%84%D8%AF%D9%88%D9%84%D9%87
شاهرخ‌میرزا قاجار,https://fa.wikipedia.org/wiki/%D8%B4%D8%A7%D9%87%D8%B1%D8%AE%E2%80%8C%D9%85%DB%8C%D8%B1%D8%B2%D8%A7_%D9%82%D8%A7%D8%AC%D8%A7%D8%B1
اسماعیل میرزا معزالدوله,https://fa.wikipedia.org/wiki/%D8%A7%D8%B3%D9%85%D8%A7%D8%B9%DB%8C%D9%84_%D9%85%DB%8C%D8%B1%D8%B2%D8%A7_%D9%85%D8%B9%D8%B2%D8%A7%D9%84%D8%AF%D9%88%D9%84%D9%87
خسروخان اردلان,https://fa.wikipedia.org/wiki/%D8%AE%D8%B3%D8%B1%D9%88%D8%AE%D8%A7%D9%86_%D8%A7%D8%B1%D8%AF%D9%84%D8%A7%D9%86
رضاقلی‌خان اردلان,https://fa.wikipedia.org/wiki/%D8%B1%D8%B6%D8%A7%D9%82%D9%84%DB%8C%E2%80%8C%D8%AE%D8%A7%D9%86_%D8%A7%D8%B1%D8%AF%D9%84%D8%A7%D9%86
اسدالله میرزا شهاب‌الدوله,https://fa.wikipedia.org/wiki/%D8%A7%D8%B3%D8%AF%D8%A7%D9%84%D9%84%D9%87_%D9%85%DB%8C%D8%B1%D8%B2%D8%A7_%D8%B4%D9%87%D8%A7%D8%A8%E2%80%8C%D8%A7%D9%84%D8%AF%D9%88%D9%84%D9%87
فرهاد میرزا معتمدالدوله,https://fa.wikipedia.org/wiki/%D9%81%D8%B1%D9%87%D8%A7%D8%AF_%D9%85%DB%8C%D8%B1%D8%B2%D8%A7_%D9%85%D8%B9%D8%AA%D9%85%D8%AF%D8%A7%D9%84%D8%AF%D9%88%D9%84%D9%87
پهلوان اسد خراسانی,https://fa.wikipedia.org/wiki/%D9%BE%D9%87%D9%84%D9%88%D8%A7%D9%86_%D8%A7%D8%B3%D8%AF_%D8%AE%D8%B1%D8%A7%D8%B3%D8%A7%D9%86%DB%8C
علی خان محتشم‌الدوله,https://fa.wikipedia.org/wiki/%D8%B9%D9%84%DB%8C_%D8%AE%D8%A7%D9%86_%D9%85%D8%AD%D8%AA%D8%B4%D9%85%E2%80%8C%D8%A7%D9%84%D8%AF%D9%88%D9%84%D9%87
عمادالدین احمد,https://fa.wikipedia.org/wiki/%D8%B9%D9%85%D8%A7%D8%AF%D8%A7%D9%84%D8%AF%DB%8C%D9%86_%D8%A7%D8%AD%D9%85%D8%AF
قوام‌الدوله دیلمی,https://fa.wikipedia.org/wiki/%D9%82%D9%88%D8%A7%D9%85%E2%80%8C%D8%A7%D9%84%D8%AF%D9%88%D9%84%D9%87_%D8%AF%DB%8C%D9%84%D9%85%DB%8C
محمدحسن خان سردار ایروانی,https://fa.wikipedia.org/wiki/%D9%85%D8%AD%D9%85%D8%AF%D8%AD%D8%B3%D9%86_%D8%AE%D8%A7%D9%86_%D8%B3%D8%B1%D8%AF%D8%A7%D8%B1_%D8%A7%DB%8C%D8%B1%D9%88%D8%A7%D9%86%DB%8C
حسین خان حسام‌الملک,https://fa.wikipedia.org/wiki/%D8%AD%D8%B3%DB%8C%D9%86_%D8%AE%D8%A7%D9%86_%D8%AD%D8%B3%D8%A7%D9%85%E2%80%8C%D8%A7%D9%84%D9%85%D9%84%DA%A9
بدیع‌الملک میرزا عمادالدوله,https://fa.wikipedia.org/wiki/%D8%A8%D8%AF%DB%8C%D8%B9%E2%80%8C%D8%A7%D9%84%D9%85%D9%84%DA%A9_%D9%85%DB%8C%D8%B1%D8%B2%D8%A7_%D8%B9%D9%85%D8%A7%D8%AF%D8%A7%D9%84%D8%AF%D9%88%D9%84%D9%87
اقبال‌السلطنه ماکویی,https://fa.wikipedia.org/wiki/%D8%A7%D9%82%D8%A8%D8%A7%D9%84%E2%80%8C%D8%A7%D9%84%D8%B3%D9%84%D8%B7%D9%86%D9%87_%D9%85%D8%A7%DA%A9%D9%88%DB%8C%DB%8C
فرخ‌سیر میرزا نیرالدوله,https://fa.wikipedia.org/wiki/%D9%81%D8%B1%D8%AE%E2%80%8C%D8%B3%DB%8C%D8%B1_%D9%85%DB%8C%D8%B1%D8%B2%D8%A7_%D9%86%DB%8C%D8%B1%D8%A7%D9%84%D8%AF%D9%88%D9%84%D9%87
بیژن‌خان گرجی,https://fa.wikipedia.org/wiki/%D8%A8%DB%8C%DA%98%D9%86%E2%80%8C%D8%AE%D8%A7%D9%86_%DA%AF%D8%B1%D8%AC%DB%8C
قهرمان میرزا,https://fa.wikipedia.org/wiki/%D9%82%D9%87%D8%B1%D9%85%D8%A7%D9%86_%D9%85%DB%8C%D8%B1%D8%B2%D8%A7
محمدولی میرزا,https://fa.wikipedia.org/wiki/%D9%85%D8%AD%D9%85%D8%AF%D9%88%D9%84%DB%8C_%D9%85%DB%8C%D8%B1%D8%B2%D8%A7
دوستعلی معیرالممالک,https://fa.wikipedia.org/wiki/%D8%AF%D9%88%D8%B3%D8%AA%D8%B9%D9%84%DB%8C_%D9%85%D8%B9%DB%8C%D8%B1%D8%A7%D9%84%D9%85%D9%85%D8%A7%D9%84%DA%A9
مهدی‌قلی میرزا (پسر محمدولی میرزا),https://fa.wikipedia.org/wiki/%D9%85%D9%87%D8%AF%DB%8C%E2%80%8C%D9%82%D9%84%DB%8C_%D9%85%DB%8C%D8%B1%D8%B2%D8%A7_%28%D9%BE%D8%B3%D8%B1_%D9%85%D8%AD%D9%85%D8%AF%D9%88%D9%84%DB%8C_%D9%85%DB%8C%D8%B1%D8%B2%D8%A7%29
خانلر میرزا,https://fa.wikipedia.org/wiki/%D8%AE%D8%A7%D9%86%D9%84%D8%B1_%D9%85%DB%8C%D8%B1%D8%B2%D8%A7
محمدقاسم خان والی,https://fa.wikipedia.org/wiki/%D9%85%D8%AD%D9%85%D8%AF%D9%82%D8%A7%D8%B3%D9%85_%D8%AE%D8%A7%D9%86_%D9%88%D8%A7%D9%84%DB%8C
امان‌الله خان اردلان,https://fa.wikipedia.org/wiki/%D8%A7%D9%85%D8%A7%D9%86%E2%80%8C%D8%A7%D9%84%D9%84%D9%87_%D8%AE%D8%A7%D9%86_%D8%A7%D8%B1%D8%AF%D9%84%D8%A7%D9%86
چراغ‌علی‌خان زنگنه,https://fa.wikipedia.org/wiki/%DA%86%D8%B1%D8%A7%D8%BA%E2%80%8C%D8%B9%D9%84%DB%8C%E2%80%8C%D8%AE%D8%A7%D9%86_%D8%B2%D9%86%DA%AF%D9%86%D9%87
محمدشریف خان مافی,https://fa.wikipedia.org/wiki/%D9%85%D8%AD%D9%85%D8%AF%D8%B4%D8%B1%DB%8C%D9%81_%D8%AE%D8%A7%D9%86_%D9%85%D8%A7%D9%81%DB%8C
عصمت‌السطنه تیمورتاش,https://fa.wikipedia.org/wiki/%D8%B9%D8%B5%D9%85%D8%AA%E2%80%8C%D8%A7%D9%84%D8%B3%D8%B7%D9%86%D9%87_%D8%AA%DB%8C%D9%85%D9%88%D8%B1%D8%AA%D8%A7%D8%B4
حسینعلی معیرالممالک,https://fa.wikipedia.org/wiki/%D8%AD%D8%B3%DB%8C%D9%86%D8%B9%D9%84%DB%8C_%D9%85%D8%B9%DB%8C%D8%B1%D8%A7%D9%84%D9%85%D9%85%D8%A7%D9%84%DA%A9
شعبان جعفری,https://fa.wikipedia.org/wiki/%D8%B4%D8%B9%D8%A8%D8%A7%D9%86_%D8%AC%D8%B9%D9%81%D8%B1%DB%8C
خاندان ابتهاج,https://fa.wikipedia.org/wiki/%D8%AE%D8%A7%D9%86%D8%AF%D8%A7%D9%86_%D8%A7%D8%A8%D8%AA%D9%87%D8%A7%D8%AC
عبدالرحیم بروجردی,https://fa.wikipedia.org/wiki/%D8%B9%D8%A8%D8%AF%D8%A7%D9%84%D8%B1%D8%AD%DB%8C%D9%85_%D8%A8%D8%B1%D9%88%D8%AC%D8%B1%D8%AF%DB%8C
میرمحمدحسین عضدالملک قزوینی,https://fa.wikipedia.org/wiki/%D9%85%DB%8C%D8%B1%D9%85%D8%AD%D9%85%D8%AF%D8%AD%D8%B3%DB%8C%D9%86_%D8%B9%D8%B6%D8%AF%D8%A7%D9%84%D9%85%D9%84%DA%A9_%D9%82%D8%B2%D9%88%DB%8C%D9%86%DB%8C
میرزا موسی فراهانی,https://fa.wikipedia.org/wiki/%D9%85%DB%8C%D8%B1%D8%B2%D8%A7_%D9%85%D9%88%D8%B3%DB%8C_%D9%81%D8%B1%D8%A7%D9%87%D8%A7%D9%86%DB%8C
فیروز میرزا,https://fa.wikipedia.org/wiki/%D9%81%DB%8C%D8%B1%D9%88%D8%B2_%D9%85%DB%8C%D8%B1%D8%B2%D8%A7
میرزا عبدالباقی منجم‌باشی,https://fa.wikipedia.org/wiki/%D9%85%DB%8C%D8%B1%D8%B2%D8%A7_%D8%B9%D8%A8%D8%AF%D8%A7%D9%84%D8%A8%D8%A7%D9%82%DB%8C_%D9%85%D9%86%D8%AC%D9%85%E2%80%8C%D8%A8%D8%A7%D8%B4%DB%8C
میرزا ابوالقاسم معین‌الملک,https://fa.wikipedia.org/wiki/%D9%85%DB%8C%D8%B1%D8%B2%D8%A7_%D8%A7%D8%A8%D9%88%D8%A7%D9%84%D9%82%D8%A7%D8%B3%D9%85_%D9%85%D8%B9%DB%8C%D9%86%E2%80%8C%D8%A7%D9%84%D9%85%D9%84%DA%A9
میرزا محمدرضاخان صدیق‌الدوله,https://fa.wikipedia.org/wiki/%D9%85%DB%8C%D8%B1%D8%B2%D8%A7_%D9%85%D8%AD%D9%85%D8%AF%D8%B1%D8%B6%D8%A7%D8%AE%D8%A7%D9%86_%D8%B5%D8%AF%DB%8C%D9%82%E2%80%8C%D8%A7%D9%84%D8%AF%D9%88%D9%84%D9%87
میرزا محمدشفیع صدرالممالک,https://fa.wikipedia.org/wiki/%D9%85%DB%8C%D8%B1%D8%B2%D8%A7_%D9%85%D8%AD%D9%85%D8%AF%D8%B4%D9%81%DB%8C%D8%B9_%D8%B5%D8%AF%D8%B1%D8%A7%D9%84%D9%85%D9%85%D8%A7%D9%84%DA%A9
میرزا محمدعلی صدرالممالک,https://fa.wikipedia.org/wiki/%D9%85%DB%8C%D8%B1%D8%B2%D8%A7_%D9%85%D8%AD%D9%85%D8%AF%D8%B9%D9%84%DB%8C_%D8%B5%D8%AF%D8%B1%D8%A7%D9%84%D9%85%D9%85%D8%A7%D9%84%DA%A9
عبدالرئوف ریگی,https://fa.wikipedia.org/wiki/%D8%B9%D8%A8%D8%AF%D8%A7%D9%84%D8%B1%D8%A6%D9%88%D9%81_%D8%B1%DB%8C%DA%AF%DB%8C
بن صهیون آبا شائول,https://fa.wikipedia.org/wiki/%D8%A8%D9%86_%D8%B5%D9%87%DB%8C%D9%88%D9%86_%D8%A2%D8%A8%D8%A7_%D8%B4%D8%A7%D8%A6%D9%88%D9%84
مئیر جاودانفر,https://fa.wikipedia.org/wiki/%D9%85%D8%A6%DB%8C%D8%B1_%D8%AC%D8%A7%D9%88%D8%AF%D8%A7%D9%86%D9%81%D8%B1
چایم الیزر میزراهی,https://fa.wikipedia.org/wiki/%DA%86%D8%A7%DB%8C%D9%85_%D8%A7%D9%84%DB%8C%D8%B2%D8%B1_%D9%85%DB%8C%D8%B2%D8%B1%D8%A7%D9%87%DB%8C
شموئل حییم,https://fa.wikipedia.org/wiki/%D8%B4%D9%85%D9%88%D8%A6%D9%84_%D8%AD%DB%8C%DB%8C%D9%85
آریه لوین,https://fa.wikipedia.org/wiki/%D8%A2%D8%B1%DB%8C%D9%87_%D9%84%D9%88%DB%8C%D9%86
مناهیم شموئل هالوی,https://fa.wikipedia.org/wiki/%D9%85%D9%86%D8%A7%D9%87%DB%8C%D9%85_%D8%B4%D9%85%D9%88%D8%A6%D9%84_%D9%87%D8%A7%D9%84%D9%88%DB%8C
شائول موفاز,https://fa.wikipedia.org/wiki/%D8%B4%D8%A7%D8%A6%D9%88%D9%84_%D9%85%D9%88%D9%81%D8%A7%D8%B2
سید حسین امامی,https://fa.wikipedia.org/wiki/%D8%B3%DB%8C%D8%AF_%D8%AD%D8%B3%DB%8C%D9%86_%D8%A7%D9%85%D8%A7%D9%85%DB%8C
سید عبدالحسین واحدی,https://fa.wikipedia.org/wiki/%D8%B3%DB%8C%D8%AF_%D8%B9%D8%A8%D8%AF%D8%A7%D9%84%D8%AD%D8%B3%DB%8C%D9%86_%D9%88%D8%A7%D8%AD%D8%AF%DB%8C
محمدباقر عباسی,https://fa.wikipedia.org/wiki/%D9%85%D8%AD%D9%85%D8%AF%D8%A8%D8%A7%D9%82%D8%B1_%D8%B9%D8%A8%D8%A7%D8%B3%DB%8C
محمد مفیدی,https://fa.wikipedia.org/wiki/%D9%85%D8%AD%D9%85%D8%AF_%D9%85%D9%81%DB%8C%D8%AF%DB%8C
ناصر صادق,https://fa.wikipedia.org/wiki/%D9%86%D8%A7%D8%B5%D8%B1_%D8%B5%D8%A7%D8%AF%D9%82
حسن آلادپوش,https://fa.wikipedia.org/wiki/%D8%AD%D8%B3%D9%86_%D8%A2%D9%84%D8%A7%D8%AF%D9%BE%D9%88%D8%B4
محبوبه متحدین,https://fa.wikipedia.org/wiki/%D9%85%D8%AD%D8%A8%D9%88%D8%A8%D9%87_%D9%85%D8%AA%D8%AD%D8%AF%DB%8C%D9%86
محمود آیرم,https://fa.wikipedia.org/wiki/%D9%85%D8%AD%D9%85%D9%88%D8%AF_%D8%A2%DB%8C%D8%B1%D9%85
فرید خزعل,https://fa.wikipedia.org/wiki/%D9%81%D8%B1%DB%8C%D8%AF_%D8%AE%D8%B2%D8%B9%D9%84
مهدی‌قلی تاج‌بخش,https://fa.wikipedia.org/wiki/%D9%85%D9%87%D8%AF%DB%8C%E2%80%8C%D9%82%D9%84%DB%8C_%D8%AA%D8%A7%D8%AC%E2%80%8C%D8%A8%D8%AE%D8%B4
محمد دفتری,https://fa.wikipedia.org/wiki/%D9%85%D8%AD%D9%85%D8%AF_%D8%AF%D9%81%D8%AA%D8%B1%DB%8C
محمد شاه‌بختی,https://fa.wikipedia.org/wiki/%D9%85%D8%AD%D9%85%D8%AF_%D8%B4%D8%A7%D9%87%E2%80%8C%D8%A8%D8%AE%D8%AA%DB%8C
عبدالحسین حجازی,https://fa.wikipedia.org/wiki/%D8%B9%D8%A8%D8%AF%D8%A7%D9%84%D8%AD%D8%B3%DB%8C%D9%86_%D8%AD%D8%AC%D8%A7%D8%B2%DB%8C
